step,loss
1,3.5189247131347656
2,2.654446840286255
3,2.368569850921631
4,2.391772508621216
5,2.2931666374206543
6,2.293140411376953
7,2.011579751968384
8,2.231328010559082
9,2.1760807037353516
10,1.9762647151947021
11,2.265878438949585
12,2.184307336807251
13,2.0855140686035156
14,2.1792140007019043
15,2.1881914138793945
16,2.201211929321289
17,2.1575396060943604
18,1.9192966222763062
19,2.11867356300354
20,2.2575485706329346
21,2.221226215362549
22,2.0358502864837646
23,2.1516530513763428
24,2.251887083053589
25,2.266009569168091
26,2.0861916542053223
27,2.2006115913391113
28,2.094727039337158
29,2.039947986602783
30,2.13382887840271
31,1.9939385652542114
32,1.9802172183990479
33,2.0355396270751953
34,2.1776866912841797
35,1.8183505535125732
36,1.830483078956604
37,1.9186776876449585
38,1.7498209476470947
39,1.9469103813171387
40,1.6624447107315063
41,1.5418909788131714
42,1.5895161628723145
43,1.5111851692199707
44,1.3679779767990112
45,1.190821886062622
46,1.17630934715271
47,1.1708394289016724
48,1.0775470733642578
49,0.8329644799232483
50,0.8370959758758545
51,0.6473486423492432
52,0.5397987365722656
53,0.4358212947845459
54,0.40212610363960266
55,0.28848394751548767
56,0.24060219526290894
57,0.1872946172952652
58,0.16549625992774963
59,0.13538505136966705
60,0.09910628199577332
61,0.082944355905056
62,0.0803886130452156
63,0.065569669008255
64,0.05554137006402016
65,0.04668619483709335
66,0.043630827218294144
67,0.04009692743420601
68,0.03503350168466568
69,0.03105797804892063
70,0.029845228418707848
71,0.027101460844278336
72,0.022748658433556557
73,0.021251758560538292
74,0.019528351724147797
75,0.019780470058321953
76,0.01843462511897087
77,0.0156849417835474
78,0.015137655660510063
79,0.01569470390677452
80,0.015265521593391895
81,0.01446374412626028
82,0.014218740165233612
83,0.01245550625026226
84,0.01297904271632433
85,0.010411594994366169
86,0.011176178231835365
87,0.01063097920268774
88,0.010511248372495174
89,0.010530166327953339
90,0.00976645015180111
91,0.009797806851565838
92,0.009899421595036983
93,0.009379805997014046
94,0.009211484342813492
95,0.009101050905883312
96,0.008308705873787403
97,0.008617102168500423
98,0.00865879561752081
99,0.008624952286481857
100,0.0075142825953662395
101,0.007356753572821617
102,0.007943066768348217
103,0.007914946414530277
104,0.0072494447231292725
105,0.007468756753951311
106,0.007240885403007269
107,0.006492336746305227
108,0.007365047931671143
109,0.007196671795099974
110,0.006624091882258654
111,0.006749030202627182
112,0.0068426476791501045
113,0.006688536144793034
114,0.00713431928306818
115,0.006994831841439009
116,0.007205350324511528
117,0.006455073133111
118,0.006435674615204334
119,0.006684780120849609
120,0.0060539585538208485
121,0.0062893833965063095
122,0.006279984954744577
123,0.005857417825609446
124,0.005799210164695978
125,0.005747361108660698
126,0.0059896730817854404
127,0.005563331767916679
128,0.0051584248431026936
129,0.0056274645030498505
130,0.005555684212595224
131,0.005283477250486612
132,0.005707364063709974
133,0.005641908384859562
134,0.005537419579923153
135,0.005459491163492203
136,0.005367310717701912
137,0.005752522498369217
138,0.005728656891733408
139,0.005280718207359314
140,0.005496606696397066
141,0.004887081682682037
142,0.0053314627148211
143,0.0052656494081020355
144,0.005048369988799095
145,0.004778913222253323
146,0.004788635764271021
147,0.0051898290403187275
148,0.004881578963249922
149,0.004607518203556538
150,0.004888996481895447
151,0.004824991803616285
152,0.0049524130299687386
153,0.004616306163370609
154,0.0041343457996845245
155,0.004681192338466644
156,0.0045186602510511875
157,0.004435393493622541
158,0.0036692863795906305
159,0.004452225286513567
160,0.004381351172924042
161,0.004665680695325136
162,0.004188423976302147
163,0.004375864285975695
164,0.004248436540365219
165,0.004228438716381788
166,0.004378045443445444
167,0.0044566188007593155
168,0.003909250721335411
169,0.0038647805340588093
170,0.0038733307737857103
171,0.004219596274197102
172,0.004062612075358629
173,0.0036414610221982002
174,0.0039236354641616344
175,0.0043052788823843
176,0.0038715857081115246
177,0.003714154940098524
178,0.004077444784343243
179,0.004124369937926531
180,0.004237676504999399
181,0.0038133293855935335
182,0.0035808428656309843
183,0.003662364324554801
184,0.0035728602670133114
185,0.003931206651031971
186,0.003891807049512863
187,0.0035929852165281773
188,0.0036454861983656883
189,0.0036451921332627535
190,0.003457454266026616
191,0.003617529757320881
192,0.0033601694740355015
193,0.0035215371754020452
194,0.0036180014722049236
195,0.00348453177139163
196,0.0037933392450213432
197,0.0030886861495673656
198,0.0035936348140239716
199,0.0033817689400166273
200,0.0030628086533397436
201,0.0034253441262990236
202,0.0036021103151142597
203,0.003475832287222147
204,0.0032193856313824654
205,0.003278872463852167
206,0.0032864909153431654
207,0.003427705727517605
208,0.0031784973107278347
209,0.003294682363048196
210,0.0029680002480745316
211,0.0029059057123959064
212,0.0034025043714791536
213,0.003035427536815405
214,0.003139750799164176
215,0.00329089118167758
216,0.002950893482193351
217,0.0030626964289695024
218,0.003102582646533847
219,0.003054075175896287
220,0.0030027145985513926
221,0.0032987375743687153
222,0.002876363694667816
223,0.0030755524057894945
224,0.0026818213518708944
225,0.0030130906961858273
226,0.0029276804998517036
227,0.002768885111436248
228,0.0028013119008392096
229,0.0029310877434909344
230,0.0028036292642354965
231,0.0027633518911898136
232,0.002843240974470973
233,0.0028147329576313496
234,0.002923631574958563
235,0.0028849493246525526
236,0.0031342429574579
237,0.0034149533603340387
238,0.0027249569538980722
239,0.0026679441798478365
240,0.0025711373891681433
241,0.0024822393897920847
242,0.002578076906502247
243,0.002723653567954898
244,0.0024818091187626123
245,0.0027201399207115173
246,0.002558780601248145
247,0.0026521168183535337
248,0.002701694844290614
249,0.002517069224268198
250,0.002530357101932168
251,0.002600406762212515
252,0.0026103619020432234
253,0.002579418243840337
254,0.0024825723376125097
255,0.0025372232776135206
256,0.002512274542823434
257,0.0025223721750080585
258,0.002507993718609214
259,0.0022513701114803553
260,0.002633508760482073
261,0.002467048354446888
262,0.0022569880820810795
263,0.0023681849706918
264,0.0023861469235271215
265,0.0023424779064953327
266,0.0023607350885868073
267,0.0024464891757816076
268,0.0022368833888322115
269,0.002383215818554163
270,0.002414042130112648
271,0.0023411866277456284
272,0.002211455488577485
273,0.002279274631291628
274,0.0023272966500371695
275,0.002209746278822422
276,0.00244915927760303
277,0.0024391920305788517
278,0.0022874553687870502
279,0.0023435098119080067
280,0.0021071499213576317
281,0.0023140646517276764
282,0.002235435415059328
283,0.002268205164000392
284,0.002051613060757518
285,0.0021176449954509735
286,0.002082998864352703
287,0.002182117896154523
288,0.0021605135407298803
289,0.002149115316569805
290,0.0020665705669671297
291,0.001994841266423464
292,0.002053129021078348
293,0.002057499485090375
294,0.0020626732148230076
295,0.0020047160796821117
296,0.002027801238000393
297,0.002193072810769081
298,0.0019708573818206787
299,0.0019839375745505095
300,0.002053770236670971
301,0.0017835170729085803
302,0.0020401242654770613
303,0.0019349721260368824
304,0.0020825068932026625
305,0.0019184061093255877
306,0.0019421512261033058
307,0.0020043454132974148
308,0.0020007421262562275
309,0.002086617751047015
310,0.0020032967440783978
311,0.0018845496233552694
312,0.0020091193728148937
313,0.0018620345508679748
314,0.0019376440905034542
315,0.0019813983235508204
316,0.002215087879449129
317,0.001996646635234356
318,0.0018278064671903849
319,0.0016916027525439858
320,0.001860078889876604
321,0.001849759602919221
322,0.0017574263038113713
323,0.0018299592193216085
324,0.001774699310772121
325,0.0017198679270222783
326,0.0017976522212848067
327,0.001745716668665409
328,0.00177779421210289
329,0.0018433970399200916
330,0.0017654740950092673
331,0.0018339443486183882
332,0.0018420798005536199
333,0.001793782110325992
334,0.001896254951134324
335,0.0019134844187647104
336,0.0016955450410023332
337,0.001839992357417941
338,0.0017228942597284913
339,0.0017776533495634794
340,0.001751829986460507
341,0.0017574590165168047
342,0.0016401507891714573
343,0.0016848676605150104
344,0.0017228535143658519
345,0.0017639759462326765
346,0.0017952537164092064
347,0.001717543345876038
348,0.0017049032030627131
349,0.002085611457005143
350,0.001509940717369318
351,0.0016166922869160771
352,0.0015603378415107727
353,0.0017435267800465226
354,0.0015983466291800141
355,0.0016319012502208352
356,0.0017014015465974808
357,0.001541762612760067
358,0.0016295918030664325
359,0.001633305917493999
360,0.0016101929359138012
361,0.0015555343125015497
362,0.0015345934079959989
363,0.0016585144912824035
364,0.0015424926532432437
365,0.001662136404775083
366,0.0016914549050852656
367,0.0015742093091830611
368,0.0016032055718824267
369,0.001623177551664412
370,0.001686418429017067
371,0.0015691663138568401
372,0.001463693450205028
373,0.0014836917398497462
374,0.0014804055681452155
375,0.0014893395127728581
376,0.0015893050003796816
377,0.0015139953466132283
378,0.0014083200367167592
379,0.0015402508433908224
380,0.0014166547916829586
381,0.0014751298585906625
382,0.0015897098928689957
383,0.0015029952628538013
384,0.0014333563158288598
385,0.0013764342293143272
386,0.0013961310032755136
387,0.0014258582377806306
388,0.001376256812363863
389,0.0015110871754586697
390,0.0013959432253614068
391,0.0013837941223755479
392,0.0015671405708417296
393,0.0014275491703301668
394,0.0013816565042361617
395,0.0012980937026441097
396,0.001378935412503779
397,0.0013556259218603373
398,0.0014503095299005508
399,0.0013010945403948426
400,0.0014260904863476753
401,0.001332514570094645
402,0.0013084703823551536
403,0.001438972889445722
404,0.001492532785050571
405,0.0013863079948350787
406,0.0014045785646885633
407,0.001348185120150447
408,0.0013873304706066847
409,0.0014031374594196677
410,0.0013732550432905555
411,0.0012700995430350304
412,0.001446745009161532
413,0.0013134032487869263
414,0.0012296141358092427
415,0.001299388473853469
416,0.0013841217150911689
417,0.0012662075459957123
418,0.0012780202087014914
419,0.001296472386457026
420,0.001314707798883319
421,0.001284881727769971
422,0.0012615567538887262
423,0.0012027416378259659
424,0.0012470943620428443
425,0.001321441144682467
426,0.0012579015456140041
427,0.0012192537542432547
428,0.0012907808413729072
429,0.001195442397147417
430,0.0012940115993842483
431,0.0013246664311736822
432,0.0012195601593703032
433,0.0013261338463053107
434,0.001172414398752153
435,0.0011487698648124933
436,0.00125124619808048
437,0.0012136228615418077
438,0.0011713718995451927
439,0.0011862893588840961
440,0.0012278787326067686
441,0.0012583117932081223
442,0.0012211460852995515
443,0.0013104925164952874
444,0.0013034656876698136
445,0.001241042511537671
446,0.0012504728510975838
447,0.0012537065194919705
448,0.001246748142875731
449,0.0011684901546686888
450,0.0012108496157452464
451,0.0011726865777745843
452,0.0011125972960144281
453,0.001118423417210579
454,0.001146695576608181
455,0.0010863696224987507
456,0.001091947895474732
457,0.0011800042120739818
458,0.0010857407469302416
459,0.001199100399389863
460,0.0010581264505162835
461,0.0011342527577653527
462,0.0011443255934864283
463,0.001064229290932417
464,0.0011192371603101492
465,0.0010798523435369134
466,0.0010618072701618075
467,0.0010468089021742344
468,0.0010583475232124329
469,0.0011238872539252043
470,0.0011396101908758283
471,0.001053044805303216
472,0.0011481150286272168
473,0.0010893887374550104
474,0.0013975524343550205
475,0.0011088388273492455
476,0.0012559023452922702
477,0.00108137889765203
478,0.0011235004058107734
479,0.0010706568136811256
480,0.0010955018224194646
481,0.001095562125556171
482,0.0010234812507405877
483,0.0010763045866042376
484,0.0010868619428947568
485,0.0010295017855241895
486,0.001095716143026948
487,0.001070384867489338
488,0.0010686314199119806
489,0.0010474146110937
490,0.0010668934555724263
491,0.0010323906317353249
492,0.0010573042090982199
493,0.0009781549451872706
494,0.0011345017701387405
495,0.0009821768617257476
496,0.0010071606375277042
497,0.001065927091985941
498,0.0009922353783622384
499,0.0009919231524690986
500,0.0010200564283877611
501,0.0010809324448928237
502,0.0010347181232646108
503,0.0009872153168544173
504,0.0010509142884984612
505,0.0010274454252794385
506,0.0010251450585201383
507,0.0009080502204596996
508,0.000982313184067607
509,0.0010707562323659658
510,0.0010334900580346584
511,0.0009749606251716614
512,0.0009511151583865285
513,0.0009569081594236195
514,0.0010220198892056942
515,0.0009883533930405974
516,0.0009251866140402853
517,0.0009907300118356943
518,0.0009545142529532313
519,0.0009426159085705876
520,0.0009661291260272264
521,0.0009474012185819447
522,0.0010093500604853034
523,0.0008959496044553816
524,0.0009290138259530067
525,0.0009544912027195096
526,0.0009433323284611106
527,0.0009664927492849529
528,0.0008878395310603082
529,0.0009568153764121234
530,0.0009008065098896623
531,0.0008650543168187141
532,0.0009182394715026021
533,0.0009459139546379447
534,0.000983502482995391
535,0.0009233137825503945
536,0.0009095934219658375
537,0.0009068675572052598
538,0.0009430847712792456
539,0.0008698704768903553
540,0.0008959610713645816
541,0.0008932441705837846
542,0.0008640190935693681
543,0.0008752087014727294
544,0.0009071095264516771
545,0.0008780334610491991
546,0.0009049363434314728
547,0.0009373145876452327
548,0.0008177186828106642
549,0.0008950589690357447
550,0.0008614216349087656
551,0.0008659838349558413
552,0.0009585932129994035
553,0.0011281872866675258
554,0.0008302591741085052
555,0.0008657116559334099
556,0.0008576872642152011
557,0.0008789889398030937
558,0.0008934849174693227
559,0.000926569860894233
560,0.0008754761074669659
561,0.0009329001768492162
562,0.000868440605700016
563,0.000907278386875987
564,0.0008690751856192946
565,0.0008135907701216638
566,0.000897454796358943
567,0.0008643565815873444
568,0.0008863834664225578
569,0.0008503635181114078
570,0.0008438259246759117
571,0.0008048186427913606
572,0.0008896830840967596
573,0.0008624655310995877
574,0.0008725870866328478
575,0.000886365189217031
576,0.0008463437552563846
577,0.000767243152949959
578,0.0008410565205849707
579,0.000848280091304332
580,0.0008310981211252511
581,0.0007945098332129419
582,0.0008514684159308672
583,0.0007949589635245502
584,0.0009120712638832629
585,0.000779644469730556
586,0.0007489067502319813
587,0.0008450460154563189
588,0.0007944878889247775
589,0.0008631643722765148
590,0.0007892300491221249
591,0.000831626181025058
592,0.000838558713439852
593,0.0008313889848068357
594,0.0007268694462254643
595,0.000795456231571734
596,0.0007858526078052819
597,0.0008180324803106487
598,0.0008243629708886147
599,0.0007597774383611977
600,0.0007997034699656069
601,0.0007695182575844228
602,0.0008481460972689092
603,0.0008114521624520421
604,0.0007349017541855574
605,0.0007627989398315549
606,0.0007517949561588466
607,0.0007210681214928627
608,0.0007949598948471248
609,0.0007899005431681871
610,0.0007325049373321235
611,0.0007560935337096453
612,0.000792593345977366
613,0.0007551132584922016
614,0.0007999941590242088
615,0.0007787480135448277
616,0.0007651400519534945
617,0.0007748928037472069
618,0.0007459457847289741
619,0.000736229820176959
620,0.0007948835846036673
621,0.0008000264060683548
622,0.0006982988561503589
623,0.0007542867679148912
624,0.0006625441019423306
625,0.0007234055665321648
626,0.000701509416103363
627,0.0007094340398907661
628,0.000703581899870187
629,0.0006907825591042638
630,0.000723877688869834
631,0.0007481706561520696
632,0.000711013562977314
633,0.0007822182378731668
634,0.0006848596385680139
635,0.0006689445581287146
636,0.0007772541139274836
637,0.0006892441888339818
638,0.0006976062431931496
639,0.0006990335532464087
640,0.0007009252440184355
641,0.000741407391615212
642,0.0007044127560220659
643,0.000714404508471489
644,0.0007173928315751255
645,0.0006752581684850156
646,0.0007018467294983566
647,0.0007552023162133992
648,0.0007084140670485795
649,0.0007173384656198323
650,0.0006497181602753699
651,0.0006777637754566967
652,0.0006507322541438043
653,0.0006314879283308983
654,0.0007430281257256866
655,0.0006832065409980714
656,0.0006524022901430726
657,0.000692952424287796
658,0.0007055842434056103
659,0.0006599993212148547
660,0.000693115929607302
661,0.0006945046479813755
662,0.0007316123228520155
663,0.0007449922268278897
664,0.0006324921851046383
665,0.0006751430337317288
666,0.000686182698700577
667,0.0007243576692417264
668,0.0006899962318129838
669,0.0007043996010906994
670,0.000687840802129358
671,0.0006536989822052419
672,0.0006397774559445679
673,0.0006885307957418263
674,0.0006100277532823384
675,0.0006405746680684388
676,0.0006115714786574244
677,0.0006769315805286169
678,0.0006577717140316963
679,0.0006899972213432193
680,0.0006485082558356225
681,0.0006657291669398546
682,0.0006686975248157978
683,0.0006761928671039641
684,0.0006751093897037208
685,0.0006525720236822963
686,0.0006944765336811543
687,0.000658659846521914
688,0.000588663446251303
689,0.0006617270410060883
690,0.000672760303132236
691,0.0006469534710049629
692,0.000608758011367172
693,0.0005934995133429766
694,0.0006560735055245459
695,0.0005887173465453088
696,0.0006418839329853654
697,0.0005754458834417164
698,0.0005847609718330204
699,0.0006581880152225494
700,0.0006473374087363482
701,0.0006290292367339134
702,0.0006414016243070364
703,0.0006553840939886868
704,0.0006319340900518
705,0.0006029419600963593
706,0.0005914181820116937
707,0.0006645286339335144
708,0.0006514904089272022
709,0.0006683377432636917
710,0.0005955838714726269
711,0.000703682831954211
712,0.0005970216589048505
713,0.0006265183910727501
714,0.0006477158749476075
715,0.0006182902725413442
716,0.0006004576571285725
717,0.000579143816139549
718,0.0005991036887280643
719,0.0005800017388537526
720,0.000615179946180433
721,0.0006438615382649004
722,0.0006424877792596817
723,0.0005745984963141382
724,0.0005654472624883056
725,0.0005927701713517308
726,0.0005775615572929382
727,0.0005769794806838036
728,0.0005635003326460719
729,0.0005284298094920814
730,0.0005969871999695897
731,0.000594849232584238
732,0.0006089460221119225
733,0.0005889577441848814
734,0.0005815400509163737
735,0.0005850205197930336
736,0.0005640712915919721
737,0.0006133586284704506
738,0.0006156904855743051
739,0.0005269070388749242
740,0.0005810118746012449
741,0.0005524129373952746
742,0.0005590015789493918
743,0.000577155442442745
744,0.0005626059137284756
745,0.0005775443860329688
746,0.0005489234463311732
747,0.000572304823435843
748,0.0005773718585260212
749,0.0005749933770857751
750,0.0005880908574908972
751,0.0006218998460099101
752,0.0005608265055343509
753,0.0005886420258320868
754,0.0005493605858646333
755,0.0005369099671952426
756,0.0005393291357904673
757,0.0005284155486151576
758,0.0005697070155292749
759,0.0005630687228403986
760,0.0005297318566590548
761,0.0005417739157564938
762,0.0005587349296547472
763,0.0005846257554367185
764,0.000549882824998349
765,0.0006056689308024943
766,0.0005394447362050414
767,0.0005657740402966738
768,0.0005563070881180465
769,0.0005161305889487267
770,0.0005559671553783119
771,0.0005898463423363864
772,0.0006098804296925664
773,0.0005146024632267654
774,0.0005568264750763774
775,0.0005158882704563439
776,0.0005703803617507219
777,0.0005423840484581888
778,0.0005156997358426452
779,0.0005378724890761077
780,0.0005800370126962662
781,0.0005359533824957907
782,0.0004907459951937199
783,0.000545925460755825
784,0.0005098357796669006
785,0.0005217810394242406
786,0.0005228563095442951
787,0.0005065505392849445
788,0.0005077450769022107
789,0.0005763027002103627
790,0.0006134742870926857
791,0.0005056554218754172
792,0.0005390592850744724
793,0.0005218206206336617
794,0.0005365664837881923
795,0.0005167470662854612
796,0.0005276373703964055
797,0.0005009545129723847
798,0.0005234283744357526
799,0.0005380289512686431
800,0.000507588789332658
801,0.0005126306205056608
802,0.0004841190529987216
803,0.0005076125380583107
804,0.0005141915753483772
805,0.0005491040064953268
806,0.0005293608992360532
807,0.0005264966748654842
808,0.0005226311041042209
809,0.0004993807524442673
810,0.0004882608191110194
811,0.0004999128286726773
812,0.00047531508607789874
813,0.0005076746456325054
814,0.000504803960211575
815,0.0005168910138309002
816,0.0004895799793303013
817,0.0004847522941417992
818,0.0004946026019752026
819,0.0005440159002318978
820,0.0005127075710333884
821,0.0005072793574072421
822,0.0004994328483007848
823,0.0005087143508717418
824,0.0004948679707013071
825,0.0005120142013765872
826,0.0005107001634314656
827,0.0004959715297445655
828,0.000490877719130367
829,0.0004854681028518826
830,0.0004597158113028854
831,0.0004737050912808627
832,0.0005045082070864737
833,0.0004992717877030373
834,0.000457444490166381
835,0.00046909868251532316
836,0.0005117665277794003
837,0.000503122981172055
838,0.00048775397590361536
839,0.0004932165611535311
840,0.0004210773331578821
841,0.00043738758540712297
842,0.0004854062863159925
843,0.000487723620608449
844,0.0005383139359764755
845,0.00046916198334656656
846,0.00045298339682631195
847,0.00045321538345888257
848,0.0004438944743014872
849,0.00044361487380228937
850,0.0004641346458811313
851,0.0004743627505376935
852,0.00048657244769856334
853,0.00046039538574405015
854,0.000491345941554755
855,0.0004919571802020073
856,0.0004359919694252312
857,0.00048425333807244897
858,0.000417013157857582
859,0.0004612757475115359
860,0.00042939497507177293
861,0.00044826374505646527
862,0.00045328354462981224
863,0.0004588388546835631
864,0.00045233621494844556
865,0.00046627261326648295
866,0.0004949126741848886
867,0.00047886447282508016
868,0.00043137697502970695
869,0.0005043804412707686
870,0.0004312761011533439
871,0.00045762426452711225
872,0.0004459447518456727
873,0.0004583486297633499
874,0.0004372342664282769
875,0.0004312370147090405
876,0.00046550153638236225
877,0.00048383980174548924
878,0.0005006104474887252
879,0.00045302495709620416
880,0.0004551994788926095
881,0.0004481759970076382
882,0.0004610147443599999
883,0.000498237437568605
884,0.0004484137461986393
885,0.00043429125798866153
886,0.00042269183904863894
887,0.00045971915824338794
888,0.00044501415686681867
889,0.000456088047940284
890,0.00044254379463382065
891,0.00043767079478129745
892,0.00042815442429855466
893,0.00042045177542604506
894,0.0004141651152167469
895,0.00043176658800803125
896,0.000455261702882126
897,0.00038884906098246574
898,0.00046851381193846464
899,0.0004572355537675321
900,0.0004522771341726184
901,0.00043058261508122087
902,0.0004067344998475164
903,0.0004107461136300117
904,0.0004249344056006521
905,0.0004168162995483726
906,0.00043489912059158087
907,0.0004221765848342329
908,0.00046337253297679126
909,0.00041783525375649333
910,0.00044379537575878203
911,0.0004284976457711309
912,0.0004007963289041072
913,0.0004033451550640166
914,0.00044706775224767625
915,0.00039969946374185383
916,0.0003963267954532057
917,0.00038365248474292457
918,0.0004223907890263945
919,0.0003922501055058092
920,0.00040008689393289387
921,0.00038583975401706994
922,0.00042774161556735635
923,0.0003915795241482556
924,0.0004227916069794446
925,0.0004174010537099093
926,0.0004306468181312084
927,0.0004271353827789426
928,0.0004211982886772603
929,0.00042201660107821226
930,0.000468012091005221
931,0.00038772300467826426
932,0.0004283508751541376
933,0.00038375501753762364
934,0.000413215602748096
935,0.00043121931958012283
936,0.00041356138535775244
937,0.0004034436715301126
938,0.0003918104921467602
939,0.0004060486680828035
940,0.0003890847438015044
941,0.00041416072053834796
942,0.00040403453749604523
943,0.00039602009928785264
944,0.000395397626562044
945,0.0004351943207439035
946,0.0003699810476973653
947,0.00041278579737991095
948,0.00045200015301816165
949,0.0004159105592407286
950,0.00040735179209150374
951,0.0004028952680528164
952,0.00041433394653722644
953,0.0003873125824611634
954,0.0003795649972744286
955,0.00040593199082650244
956,0.0004145480052102357
957,0.00039538517012260854
958,0.0003856000548694283
959,0.0004205495642963797
960,0.00041955322376452386
961,0.00039958723937161267
962,0.00036716044996865094
963,0.0003885010373778641
964,0.00041204565786756575
965,0.00040316247032023966
966,0.00039242408820427954
967,0.00041981556569226086
968,0.0003661257796920836
969,0.0004041299980599433
970,0.00041204519220627844
971,0.0003636734327301383
972,0.00035317250876687467
973,0.00037176284240558743
974,0.00037864537443965673
975,0.0003888453356921673
976,0.00038406706880778074
977,0.0003634618769865483
978,0.0003676517226267606
979,0.00033277797047048807
980,0.00039205289795063436
981,0.00040114199509844184
982,0.00038061762461438775
983,0.0004045384412165731
984,0.00039480457780882716
985,0.00036458318936638534
986,0.00037341591087169945
987,0.0003867503837682307
988,0.00036809005541726947
989,0.00038292419048957527
990,0.00035160325933247805
991,0.0003834423841908574
992,0.0003802357241511345
993,0.00035715996637009084
994,0.00036533287493512034
995,0.00035281144664622843
996,0.0003661189111880958
997,0.00033791898749768734
998,0.00035539543023332953
999,0.00035985824069939554
1000,0.0003574628790374845
1001,0.00035428855335339904
1002,0.00036503339651972055
1003,0.0003591807035263628
1004,0.0003510372480377555
1005,0.0003900899610016495
1006,0.00038415423477999866
1007,0.00036474975058808923
1008,0.0003375391534063965
1009,0.00036194780841469765
1010,0.0003724858397617936
1011,0.00034635807969607413
1012,0.00035947011201642454
1013,0.0003352139319758862
1014,0.0003670236619655043
1015,0.00039264242514036596
1016,0.0003562896454241127
1017,0.000342340674251318
1018,0.00038144169957377017
1019,0.0003383548173587769
1020,0.0003691701858770102
1021,0.00036934250965714455
1022,0.0003396976680960506
1023,0.0003668222634587437
1024,0.0003547249361872673
1025,0.0003536212316248566
1026,0.0003499784506857395
1027,0.0004747038474306464
1028,0.00033336010528728366
1029,0.00036073289811611176
1030,0.0003529392706695944
1031,0.0003385400341358036
1032,0.0003493987023830414
1033,0.00035473579191602767
1034,0.0003450852818787098
1035,0.00034986232640221715
1036,0.0003598931652959436
1037,0.00036653911229223013
1038,0.0003561262565199286
1039,0.0003428950731176883
1040,0.00034397028503008187
1041,0.00033390551107004285
1042,0.0003220381331630051
1043,0.0003268539730925113
1044,0.0003390958299860358
1045,0.000336223078193143
1046,0.0003280759556218982
1047,0.0003617901529651135
1048,0.00035003406810574234
1049,0.00041341042378917336
1050,0.000337936042342335
1051,0.00035440395004116
1052,0.00035256327828392386
1053,0.0003358430112712085
1054,0.00034136773319914937
1055,0.00033436971716582775
1056,0.0003515807038638741
1057,0.0003440097498241812
1058,0.00034442514879629016
1059,0.00035130188916809857
1060,0.0003830264904536307
1061,0.0003697041829582304
1062,0.00033014584914781153
1063,0.0003376740787643939
1064,0.0002961030404549092
1065,0.0003216257900930941
1066,0.0003494358388707042
1067,0.00033099393476732075
1068,0.000332707742927596
1069,0.00033271091524511576
1070,0.00031881436007097363
1071,0.00031221695826388896
1072,0.00033589592203497887
1073,0.0003257151402067393
1074,0.00033629024983383715
1075,0.0003524452040437609
1076,0.0003353248757775873
1077,0.0003264449769631028
1078,0.00034259777748957276
1079,0.0003348503669258207
1080,0.0003263780672568828
1081,0.0003411008510738611
1082,0.00032845139503479004
1083,0.00032238595304079354
1084,0.00031899180612526834
1085,0.0003520604514051229
1086,0.00032374216243624687
1087,0.0003381514979992062
1088,0.00033031211933121085
1089,0.00031704481807537377
1090,0.00030408965540118515
1091,0.00031621972448192537
1092,0.00029837313923053443
1093,0.0003068989026360214
1094,0.0003225379332434386
1095,0.0003107496886514127
1096,0.00032494551851414144
1097,0.0003447552735451609
1098,0.0003019847790710628
1099,0.00031187859713099897
1100,0.00032897276105359197
1101,0.00030036771204322577
1102,0.0002967887558043003
1103,0.0003036215784959495
1104,0.00032123460550792515
1105,0.00030893873190507293
1106,0.00029850646387785673
1107,0.0003001427394337952
1108,0.0003099587338510901
1109,0.00030224418151192367
1110,0.00033427670132368803
1111,0.00033527007326483727
1112,0.00034194145700894296
1113,0.00031505903461948037
1114,0.00031274749198928475
1115,0.0002822101232595742
1116,0.00029590813210234046
1117,0.00032980143441818655
1118,0.0003044047625735402
1119,0.00029662461020052433
1120,0.00029318511951714754
1121,0.0003228312998544425
1122,0.0002977487165480852
1123,0.00029037840431556106
1124,0.0002814288600347936
1125,0.0003270699817221612
1126,0.00032456309418193996
1127,0.00031879908055998385
1128,0.000294905505143106
1129,0.00031283203861676157
1130,0.0003040093870367855
1131,0.0003202979569323361
1132,0.0002874814090318978
1133,0.00028778702835552394
1134,0.00031100798514671624
1135,0.00030945343314670026
1136,0.0002902853302657604
1137,0.00032330138492397964
1138,0.0003148755931761116
1139,0.0002923047577496618
1140,0.00031572766602039337
1141,0.00030352326575666666
1142,0.00030316272750496864
1143,0.00028699415270239115
1144,0.0002892867778427899
1145,0.0002940079721156508
1146,0.0002927150926552713
1147,0.0002791366714518517
1148,0.00026552981580607593
1149,0.00030377169605344534
1150,0.00030208329553715885
1151,0.00026654344401322305
1152,0.0002911579795181751
1153,0.0002679882454685867
1154,0.00030844617867842317
1155,0.0002836480853147805
1156,0.0002688126405701041
1157,0.00032212171936407685
1158,0.00029528606683015823
1159,0.0003109652898274362
1160,0.00030027906177565455
1161,0.00028860761085525155
1162,0.0002808092685882002
1163,0.00030179833993315697
1164,0.0002751789870671928
1165,0.00029509037267416716
1166,0.0002817267959471792
1167,0.00027551082894206047
1168,0.0002652305702213198
1169,0.0003055601264350116
1170,0.00029036315390840173
1171,0.00029209296917542815
1172,0.00029889779398217797
1173,0.00030625687213614583
1174,0.0002865027927327901
1175,0.00027638135361485183
1176,0.0002956940734293312
1177,0.00030405016150325537
1178,0.00029891738086007535
1179,0.00028165787807665765
1180,0.00027923128800466657
1181,0.00029603816801682115
1182,0.00028669688617810607
1183,0.0002806379343383014
1184,0.0002740382042247802
1185,0.00029577716486528516
1186,0.0002734246663749218
1187,0.0003014265967067331
1188,0.00030196263105608523
1189,0.0002794086467474699
1190,0.00030236667953431606
1191,0.000295499135972932
1192,0.0002657348813954741
1193,0.00028549120179377496
1194,0.0002850083983503282
1195,0.00027717117336578667
1196,0.0002710410626605153
1197,0.0002942515420727432
1198,0.0002636230201460421
1199,0.0002824374823831022
1200,0.00026815588353201747
1201,0.0002675263676792383
1202,0.0002530305937398225
1203,0.00027652300195768476
1204,0.00027011713245883584
1205,0.00029335086583159864
1206,0.00027492648223415017
1207,0.00026245141634717584
1208,0.00026961887488141656
1209,0.00027641080669127405
1210,0.0002791894949041307
1211,0.0002705868682824075
1212,0.0002767339756246656
1213,0.000274646416073665
1214,0.0002841725363396108
1215,0.00027898681582883
1216,0.0002810236474033445
1217,0.0002729780098889023
1218,0.00026178531697951257
1219,0.0002817132626660168
1220,0.00026646992773748934
1221,0.0002714182191994041
1222,0.0002758174668997526
1223,0.0002776527253445238
1224,0.000269103329628706
1225,0.00024917841074056923
1226,0.00027104487526230514
1227,0.000257108302321285
1228,0.0002494774234946817
1229,0.0002780041249934584
1230,0.0002591356460470706
1231,0.00028437928995117545
1232,0.0002753657172434032
1233,0.00024059537099674344
1234,0.00026402968796901405
1235,0.00024268499691970646
1236,0.0002422405668767169
1237,0.00027921260334551334
1238,0.00027341628447175026
1239,0.0002534360683057457
1240,0.00025677363737486303
1241,0.000245175528107211
1242,0.00023373861040454358
1243,0.00026613520458340645
1244,0.00026263005565851927
1245,0.00024299020878970623
1246,0.0002459810930304229
1247,0.0002525919699110091
1248,0.0002481319534126669
1249,0.0002659762103576213
1250,0.0002546082832850516
1251,0.0002581955923233181
1252,0.0002817795902956277
1253,0.00024637303431518376
1254,0.00024897867115214467
1255,0.0002592011296655983
1256,0.0002466184087097645
1257,0.00026601454010233283
1258,0.0002572663070168346
1259,0.00027244744705967605
1260,0.00023071550822351128
1261,0.0002556902472861111
1262,0.00026024493854492903
1263,0.00026713754050433636
1264,0.00024676063912920654
1265,0.00024194315483327955
1266,0.0002539941342547536
1267,0.00024425089941360056
1268,0.0002462784177623689
1269,0.0002648321387823671
1270,0.0002754392917267978
1271,0.00024630269035696983
1272,0.00025971923605538905
1273,0.0002455528301652521
1274,0.00024835809017531574
1275,0.0002661048492882401
1276,0.0002534293453209102
1277,0.00024340537493117154
1278,0.00024689314886927605
1279,0.00027685819077305496
1280,0.0002757181355264038
1281,0.00024618866154924035
1282,0.00024296462652273476
1283,0.00024868431501090527
1284,0.00024699934874661267
1285,0.000252868136158213
1286,0.00023815938038751483
1287,0.00025980084319598973
1288,0.00022619165247306228
1289,0.0002485387958586216
1290,0.00027639803010970354
1291,0.0002460200630594045
1292,0.0002606801863294095
1293,0.0002410161541774869
1294,0.00026219681603834033
1295,0.0002494045183993876
1296,0.0002548999327700585
1297,0.00022444731439463794
1298,0.00021783534612040967
1299,0.00023765466175973415
1300,0.00024499950814060867
1301,0.000244940776610747
1302,0.00024164393835235387
1303,0.00022635486675426364
1304,0.00025827408535405993
1305,0.00023014229373075068
1306,0.0002679024764802307
1307,0.00024232339637819678
1308,0.00023609015624970198
1309,0.00022848900698591024
1310,0.00023672722454648465
1311,0.00022714886290486902
1312,0.0002315090678166598
1313,0.00024163421767298132
1314,0.00023788570251781493
1315,0.00022510185954160988
1316,0.00022957875626161695
1317,0.00022889934189151973
1318,0.00022321489814203233
1319,0.0002264081995235756
1320,0.00023441181110683829
1321,0.00024060373834799975
1322,0.00023710314417257905
1323,0.00023182827862910926
1324,0.000255317339906469
1325,0.00023305512149818242
1326,0.0002311913704033941
1327,0.00024521086015738547
1328,0.00024403650604654104
1329,0.00023876808700151742
1330,0.0002395147894276306
1331,0.00024170537653844804
1332,0.0002161240263376385
1333,0.0002412935282336548
1334,0.0002393777685938403
1335,0.000216615735553205
1336,0.00022289813205134124
1337,0.00023479960509575903
1338,0.00021776833455078304
1339,0.0002220769674750045
1340,0.00023248093202710152
1341,0.00023908738512545824
1342,0.00023243975010700524
1343,0.00027451998903416097
1344,0.0002135771792382002
1345,0.00021573777485173196
1346,0.00020184379536658525
1347,0.0002324955421499908
1348,0.00022714775695931166
1349,0.0002447065489832312
1350,0.00022699448163621128
1351,0.0002152188535546884
1352,0.0002513139334041625
1353,0.00023839838104322553
1354,0.0002457885420881212
1355,0.0002312351716682315
1356,0.0002235694119008258
1357,0.00023084353597369045
1358,0.0002420930250082165
1359,0.00022659859678242356
1360,0.00023728520318400115
1361,0.00023301311011891812
1362,0.00021838050452060997
1363,0.00024406029842793941
1364,0.00022326481121126562
1365,0.00022155848273541778
1366,0.00022399406589102
1367,0.000227333526709117
1368,0.00023226194025482982
1369,0.00021278263011481613
1370,0.00020289736858103424
1371,0.00022894430730957538
1372,0.00021288376592565328
1373,0.00020917679648846388
1374,0.00019997895287815481
1375,0.00021450330677907914
1376,0.0002202686300734058
1377,0.00022014837304595858
1378,0.00022611398890148848
1379,0.0002149563661077991
1380,0.0002409379230812192
1381,0.0002207056386396289
1382,0.00022353790700435638
1383,0.0002097983960993588
1384,0.00021806421864312142
1385,0.00023099548707250506
1386,0.00022074353182688355
1387,0.00021106026542838663
1388,0.0002188567741541192
1389,0.00021754659246653318
1390,0.0002048350143013522
1391,0.00023544064606539905
1392,0.00021700085198972374
1393,0.0002380228106630966
1394,0.00022354676912073046
1395,0.00020503792620729655
1396,0.00021479156566783786
1397,0.0002156593545805663
1398,0.00021259956702124327
1399,0.0002082614228129387
1400,0.0002172400854760781
1401,0.000206762517336756
1402,0.00021022290457040071
1403,0.00021763918630313128
1404,0.0002110461500706151
1405,0.00020738542662002146
1406,0.0002040922991000116
1407,0.00021997721341904253
1408,0.00020428732386790216
1409,0.00021124802879057825
1410,0.00022769576753489673
1411,0.00022003780759405345
1412,0.00020225938351359218
1413,0.00021693862800020725
1414,0.00019434455316513777
1415,0.00019666158186737448
1416,0.0002227243094239384
1417,0.0002111332432832569
1418,0.00022682333656121045
1419,0.00023086179862730205
1420,0.0002097088872687891
1421,0.0002197896974394098
1422,0.00025517045287415385
1423,0.00021393054339569062
1424,0.00022544614330399781
1425,0.00021489470964297652
1426,0.00022767197515349835
1427,0.0002160957083106041
1428,0.00022324241581372917
1429,0.00020813899755012244
1430,0.00019401412282604724
1431,0.00019726867321878672
1432,0.00019976978364866227
1433,0.0001920119975693524
1434,0.00019826035713776946
1435,0.00020254813716746867
1436,0.0002002780238399282
1437,0.00020350706472527236
1438,0.00020830675202887505
1439,0.00020705952192656696
1440,0.0002001805987674743
1441,0.00020815222524106503
1442,0.00022211372561287135
1443,0.00019955186871811748
1444,0.00020548744942061603
1445,0.00020089115423616022
1446,0.00019006739603355527
1447,0.00020505125576164573
1448,0.0001993361656786874
1449,0.00020978532847948372
1450,0.00019347129273228347
1451,0.00022149871801957488
1452,0.00019873870769515634
1453,0.0001989991869777441
1454,0.00020219734869897366
1455,0.00019859227177221328
1456,0.00019447662634775043
1457,0.0001977245119633153
1458,0.00019430242537055165
1459,0.00018353475024923682
1460,0.00020292773842811584
1461,0.00018599753093440086
1462,0.0002027042501140386
1463,0.00019572123710531741
1464,0.00020186800975352526
1465,0.00019262854766566306
1466,0.00019982547382824123
1467,0.0002047082525677979
1468,0.0001999446249101311
1469,0.00020517974917311221
1470,0.00019858872110489756
1471,0.00020673109975177795
1472,0.00019409657397773117
1473,0.00018391202320344746
1474,0.0001974186598090455
1475,0.000200916183530353
1476,0.00019217039516661316
1477,0.00019438784511294216
1478,0.00019288314797449857
1479,0.00019424641504883766
1480,0.00019082067592535168
1481,0.00019659924146253616
1482,0.0001868545514298603
1483,0.00020302762277424335
1484,0.00018560323223937303
1485,0.00018372497288510203
1486,0.00020838106865994632
1487,0.00021063901658635587
1488,0.00020110751211177558
1489,0.0001906622783280909
1490,0.00019261217676103115
1491,0.00019174368935637176
1492,0.00021110258239787072
1493,0.0002024585410254076
1494,0.00017541917623020709
1495,0.00021545059280470014
1496,0.00018589195678941905
1497,0.00018765381537377834
1498,0.00017469958402216434
1499,0.00019492313731461763
1500,0.00019720270938705653
1501,0.00020602435688488185
1502,0.00018956827989313751
1503,0.0001906278048409149
1504,0.0001997846266021952
1505,0.00018536967399995774
1506,0.00021333619952201843
1507,0.00018107096548192203
1508,0.0001934035972226411
1509,0.0001908370031742379
1510,0.00019709883781615645
1511,0.00019010544929187745
1512,0.0001940567890414968
1513,0.00018542724137660116
1514,0.00017563626170158386
1515,0.00017971541092265397
1516,0.00019349457579664886
1517,0.00019292549404781312
1518,0.00019010320829693228
1519,0.00018070594524033368
1520,0.00017755295266397297
1521,0.0002037120721070096
1522,0.0001842951460275799
1523,0.00019669602625072002
1524,0.00019130835426039994
1525,0.00017017002392094582
1526,0.00016437075100839138
1527,0.00018085565534420311
1528,0.0001947238779393956
1529,0.00019597214122768492
1530,0.00017327815294265747
1531,0.00018269404245074838
1532,0.00019006077491212636
1533,0.00018958593136630952
1534,0.00017373543232679367
1535,0.0001850552944233641
1536,0.00017719631432555616
1537,0.00018209188419859856
1538,0.00018218874174635857
1539,0.00019058980979025364
1540,0.00019300554413348436
1541,0.00019404414342716336
1542,0.00018216008902527392
1543,0.00018838359392248094
1544,0.00018784809799399227
1545,0.00017786238458938897
1546,0.000178880276507698
1547,0.00018612707208376378
1548,0.00017796360771171749
1549,0.00018322964024264365
1550,0.00017327310342807323
1551,0.00018335614004172385
1552,0.00018094992265105247
1553,0.00018156282021664083
1554,0.0001750616793287918
1555,0.00018236140022054315
1556,0.0001823082857299596
1557,0.00018320244271308184
1558,0.00017652077076490968
1559,0.00018262150115333498
1560,0.00017745995137374848
1561,0.00017204081814270467
1562,0.0001701592846075073
1563,0.00018298726354259998
1564,0.00017210000078193843
1565,0.00017534485959913582
1566,0.00017780618509277701
1567,0.00019181704556103796
1568,0.00016961830260697752
1569,0.0001599058450665325
1570,0.00018313457258045673
1571,0.0001817708252929151
1572,0.00018385821022093296
1573,0.0001755597477313131
1574,0.00017244077753275633
1575,0.00017238034342881292
1576,0.00017533234495203942
1577,0.00018528287182562053
1578,0.00018541212193667889
1579,0.00018588767852634192
1580,0.00021193057182244956
1581,0.00017687461513560265
1582,0.00016467759269289672
1583,0.00016603308904450387
1584,0.00017733067215885967
1585,0.00016809243243187666
1586,0.00017308580572716892
1587,0.00017436740745324641
1588,0.00015322108811233193
1589,0.0001619253307580948
1590,0.00016514970047865063
1591,0.00017668619693722576
1592,0.00016307749319821596
1593,0.00017745638615451753
1594,0.00017721707990858704
1595,0.0001736240228638053
1596,0.00017916171054821461
1597,0.00018390442710369825
1598,0.00017831544391810894
1599,0.00018299890507478267
1600,0.0001673289661994204
1601,0.0001674668164923787
1602,0.00017134334484580904
1603,0.00017590179049875587
1604,0.00018112279940396547
1605,0.00016246395534835756
1606,0.00016502065409440547
1607,0.00014998055121395737
1608,0.00018303068645764142
1609,0.00017251113604288548
1610,0.00016351077647414058
1611,0.00017381348880007863
1612,0.0001781990722520277
1613,0.00017992910579778254
1614,0.00016898359172046185
1615,0.0001743604225339368
1616,0.00016566902922932059
1617,0.00015766365686431527
1618,0.00017508439486846328
1619,0.00017443695105612278
1620,0.00015844932931941003
1621,0.00016497072647325695
1622,0.00017487116565462202
1623,0.00016664864961057901
1624,0.00017132764332927763
1625,0.00017942950944416225
1626,0.00016058780602179468
1627,0.00018018370610661805
1628,0.00016857309674378484
1629,0.00016017553571145982
1630,0.00015297655772883445
1631,0.00017726619262248278
1632,0.00016430183313786983
1633,0.0001684663147898391
1634,0.00016016638255678117
1635,0.00016694728401489556
1636,0.000156068941578269
1637,0.00017317835590802133
1638,0.00016474926087539643
1639,0.0001677361287875101
1640,0.00016999206854961812
1641,0.00016046837845351547
1642,0.00017157265392597765
1643,0.00015916023403406143
1644,0.0001623225980438292
1645,0.0001669481280259788
1646,0.00016133830649778247
1647,0.0001653453946346417
1648,0.00016719115956220776
1649,0.0001535894989501685
1650,0.00016414061246905476
1651,0.00015867124602664262
1652,0.00017899986414704472
1653,0.00017083589045796543
1654,0.0001616534573258832
1655,0.0001533822069177404
1656,0.00016782963939476758
1657,0.00016667427553329617
1658,0.00015996133151929826
1659,0.0001625688892090693
1660,0.00016134424367919564
1661,0.00016211470938287675
1662,0.0001626290613785386
1663,0.00017998665862251073
1664,0.0001751693635014817
1665,0.0001582657132530585
1666,0.00016472575953230262
1667,0.00015446959878318012
1668,0.00016509559645783156
1669,0.00015609947149641812
1670,0.00015765882562845945
1671,0.00015239565982483327
1672,0.00015506107592955232
1673,0.00015255533799063414
1674,0.00016693476936779916
1675,0.00014990501222200692
1676,0.0001633897190913558
1677,0.000153342291014269
1678,0.00014475076750386506
1679,0.0001610283798072487
1680,0.00016530526045244187
1681,0.00015666750550735742
1682,0.00015728174184914678
1683,0.00016246004088316113
1684,0.00014989128976594657
1685,0.0001595758367329836
1686,0.00014904397539794445
1687,0.0001505303953308612
1688,0.00015304028056561947
1689,0.0001645027514314279
1690,0.00016148723079822958
1691,0.00015030009672045708
1692,0.0001573892222950235
1693,0.00015702575910836458
1694,0.00016354220861103386
1695,0.00015348149463534355
1696,0.00015244387031998485
1697,0.00017114155343733728
1698,0.00016165686247404665
1699,0.00014308851677924395
1700,0.00013990054139867425
1701,0.00015025681932456791
1702,0.00015317783982027322
1703,0.00017039093654602766
1704,0.00015479186549782753
1705,0.00015404274745378643
1706,0.0001464031229261309
1707,0.00014656996063422412
1708,0.00015333789633587003
1709,0.00016224516730289906
1710,0.00015513872494921088
1711,0.00015217068721540272
1712,0.00014317517343442887
1713,0.00015748960140626878
1714,0.0001518382632639259
1715,0.0001583929406479001
1716,0.00014809308049734682
1717,0.00015009200433269143
1718,0.00014118800754658878
1719,0.000151751926750876
1720,0.00014490789908450097
1721,0.00015077504212968051
1722,0.00015516368148382753
1723,0.00015107223589438945
1724,0.00015841680578887463
1725,0.00015168596291914582
1726,0.00016210578905884176
1727,0.00016129593132063746
1728,0.0001524055696791038
1729,0.0001528366847196594
1730,0.00015201802307274193
1731,0.00015116625581867993
1732,0.0001742625900078565
1733,0.000151468746480532
1734,0.0001491596776759252
1735,0.0001458505867049098
1736,0.00014631271187681705
1737,0.00015245874237734824
1738,0.00016643009439576417
1739,0.00014218887372408062
1740,0.00015139157767407596
1741,0.00016006309306249022
1742,0.0001614533393876627
1743,0.00014621247828472406
1744,0.00014377744810190052
1745,0.00015168434765655547
1746,0.00015538837760686874
1747,0.00014838921197224408
1748,0.0001355870917905122
1749,0.00013129714352544397
1750,0.0001404538779752329
1751,0.00014254439156502485
1752,0.0001481557555962354
1753,0.00015835324302315712
1754,0.00015433045336976647
1755,0.0001465547102270648
1756,0.00014438455400522798
1757,0.00015331723261624575
1758,0.00014363249647431076
1759,0.00013330408546607941
1760,0.00014443605323322117
1761,0.00014322249626275152
1762,0.00014084012946113944
1763,0.0001466592075303197
1764,0.00014496380754280835
1765,0.00014575384557247162
1766,0.00014566768368240446
1767,0.00014457701763603836
1768,0.00014667573850601912
1769,0.0001444367371732369
1770,0.0001413132849847898
1771,0.00014692357217427343
1772,0.00016417319420725107
1773,0.00013592332834377885
1774,0.00014660537999588996
1775,0.00015161256305873394
1776,0.0001506445842096582
1777,0.00013733904052060097
1778,0.00014600857684854418
1779,0.0001487228728365153
1780,0.0001409183896612376
1781,0.00014474712952505797
1782,0.000147392536746338
1783,0.0001379597670165822
1784,0.00014393299352377653
1785,0.00014126996393315494
1786,0.00013478418986778706
1787,0.00014312495477497578
1788,0.00014769450353924185
1789,0.00013117048365529627
1790,0.0001519726065453142
1791,0.00013963060337118804
1792,0.00014731039118487388
1793,0.00013735327229369432
1794,0.00014394891331903636
1795,0.00014089491742197424
1796,0.000157423026394099
1797,0.00014947853924240917
1798,0.00015146934310905635
1799,0.0001392760023009032
1800,0.000146105230669491
1801,0.00013517819752451032
1802,0.00013394237612374127
1803,0.00013642539852298796
1804,0.00013429253885988146
1805,0.00015059791621752083
1806,0.0001425991504220292
1807,0.0001407831150572747
1808,0.00013473925355356187
1809,0.00014763593208044767
1810,0.00013674201909452677
1811,0.00013734560343436897
1812,0.0001454171579098329
1813,0.00013682454300578684
1814,0.0001465292152715847
1815,0.0001329497608821839
1816,0.00012603920185938478
1817,0.00014327453391160816
1818,0.00012665524263866246
1819,0.00014011765597388148
1820,0.00013370387023314834
1821,0.00013682302960660309
1822,0.00014468812150880694
1823,0.00013270364433992654
1824,0.00013007022789679468
1825,0.0001470524148317054
1826,0.00013727249461226165
1827,0.00012834405060857534
1828,0.00014093417848926038
1829,0.00013887921522837132
1830,0.00014320443733595312
1831,0.00014474823547061533
1832,0.0001368927041767165
1833,0.00012711630552075803
1834,0.00013684705481864512
1835,0.00013476090680342168
1836,0.0001275774702662602
1837,0.00014203661703504622
1838,0.0001405097427777946
1839,0.00013440019392874092
1840,0.000144268837175332
1841,0.00014085475413594395
1842,0.00012681700172834098
1843,0.00014382270455826074
1844,0.0001276166149182245
1845,0.00013698663678951561
1846,0.00012710342707578093
1847,0.0001351327373413369
1848,0.0001316902635153383
1849,0.00013631818001158535
1850,0.00013041375495959073
1851,0.0001391851983498782
1852,0.0001388734526699409
1853,0.00013282544387038797
1854,0.00013483069778885692
1855,0.00013692205538973212
1856,0.00012911504018120468
1857,0.00012606929522007704
1858,0.00013373665569815785
1859,0.00013349064101930708
1860,0.0001357157452730462
1861,0.00014690773969050497
1862,0.00013574979675468057
1863,0.00012562965275719762
1864,0.00012404935841914266
1865,0.0001240749697899446
1866,0.0001376721338601783
1867,0.0001240047422470525
1868,0.00012945815979037434
1869,0.00012708608119282871
1870,0.00014142895815894008
1871,0.00013536785263568163
1872,0.00013021755148656666
1873,0.0001326720230281353
1874,0.00012812991917598993
1875,0.00013045361265540123
1876,0.00013428965758066624
1877,0.0001363785268040374
1878,0.00013255936210043728
1879,0.00013542320812121034
1880,0.00014074426144361496
1881,0.00013043689250480384
1882,0.00012873022933490574
1883,0.00013862879131920636
1884,0.00012625782983377576
1885,0.00013070806744508445
1886,0.00012350759061519057
1887,0.00012217853509355336
1888,0.00013256040983833373
1889,0.0001220328122144565
1890,0.0001307946804445237
1891,0.00011941339471377432
1892,0.0001323413016507402
1893,0.0001241296122316271
1894,0.00012836804671678692
1895,0.00013352443056646734
1896,0.00013320437574293464
1897,0.00013674027286469936
1898,0.00012471397349145263
1899,0.00012201007484691218
1900,0.00011224066838622093
1901,0.0001189158865599893
1902,0.00012695272744167596
1903,0.00013835799472872168
1904,0.00012516581045929343
1905,0.0001251253270311281
1906,0.00013008109817747027
1907,0.0001225062005687505
1908,0.0001253725349670276
1909,0.00012052553211105987
1910,0.0001231697533512488
1911,0.00012572789273690432
1912,0.0001280296128243208
1913,0.00011819696374004707
1914,0.00012540683383122087
1915,0.0001335687848040834
1916,0.00011761339555960149
1917,0.00011798481864389032
1918,0.00012809154577553272
1919,0.00012123117630835623
1920,0.00012396424426697195
1921,0.00011701168841682374
1922,0.00012787153536919504
1923,0.0001273486705031246
1924,0.00014934639330022037
1925,0.00012760430399794132
1926,0.00013100889918860048
1927,0.00012669629359152168
1928,0.00012432110088411719
1929,0.00012992866686545312
1930,0.00011768093827413395
1931,0.00012872817751485854
1932,0.00013066500832792372
1933,0.000122431869385764
1934,0.00011081095726694912
1935,0.0001321009622188285
1936,0.00012160193728050217
1937,0.00012484437320381403
1938,0.00012083448382327333
1939,0.0001214262520079501
1940,0.00013105900143273175
1941,0.00012758761295117438
1942,0.00011887886648764834
1943,0.0001096043415600434
1944,0.00012115560821257532
1945,0.00012699690705630928
1946,0.00012778103700838983
1947,0.00012803763092961162
1948,0.0001236511452589184
1949,0.00012497454008553177
1950,0.0001230694178957492
1951,0.0001271931832889095
1952,0.00012128207890782505
1953,0.00011944809375563636
1954,0.0001231137284776196
1955,0.00011821443331427872
1956,0.00011502528650453314
1957,0.00012400625564623624
1958,0.0001305291661992669
1959,0.00012844607408624142
1960,0.00011475756764411926
1961,0.00011896681098733097
1962,0.00012484575563576072
1963,0.00011659303709166124
1964,0.00011840414663311094
1965,0.0001125843045883812
1966,0.000122272118460387
1967,0.0001267932530026883
1968,0.00011631222878349945
1969,0.00012235206668265164
1970,0.00012432728544808924
1971,0.00011722499766619876
1972,0.00012250847066752613
1973,0.0001276725815841928
1974,0.00011705236101988703
1975,0.00014179947902448475
1976,0.00012034249084535986
1977,0.00011761825589928776
1978,0.00011610176443355158
1979,0.00014278174785431474
1980,0.00011292505951132625
1981,0.00011675150744849816
1982,0.00010728203051257879
1983,0.00011990941857220605
1984,0.00010963535169139504
1985,0.00011728057870641351
1986,0.00012597990280482918
1987,0.00012170346599305049
1988,0.00012853740190621465
1989,0.00012253284512553364
1990,0.00010953655146295205
1991,0.00011883326078532264
1992,0.00013038761971984059
1993,0.00011522557906573638
1994,0.00011697513400577009
1995,0.00012323778355494142
1996,0.00012128050002502277
1997,0.00012786821753252298
1998,0.0001219308323925361
1999,0.00011646225902950391
2000,0.0001228895562235266
2001,0.00011456904758233577
2002,0.00012793971109203994
2003,0.00012187571701360866
2004,0.00011787827679654583
2005,0.00011773955338867381
2006,0.00011126254685223103
2007,0.00011694345448631793
2008,0.00011775689199566841
2009,0.0001212319839396514
2010,0.00010911576828220859
2011,0.00011224437184864655
2012,0.00011931136396015063
2013,0.00012519994925241917
2014,0.00011658744915621355
2015,0.00011447579163359478
2016,0.00011370975698810071
2017,0.00011384621757315472
2018,0.00011120925046270713
2019,0.00011205624468857422
2020,0.0001040916467900388
2021,0.00011829736467916518
2022,0.00010623194248182699
2023,0.00011344071390340105
2024,0.00010707489855121821
2025,0.00011213664402021095
2026,0.00011823885142803192
2027,0.00011303400970064104
2028,0.00011757651373045519
2029,0.00011169765639351681
2030,0.0001155984791694209
2031,0.0001091064841602929
2032,0.0001027304824674502
2033,0.00010381775064161047
2034,0.00012087194772902876
2035,0.00011413300671847537
2036,0.00010884118819376454
2037,0.0001157175938715227
2038,0.00011298083700239658
2039,0.00011704666394507512
2040,0.00010767198546091095
2041,0.00011396916670491919
2042,0.00010285325697623193
2043,0.00011146929318783805
2044,0.00012172039714641869
2045,0.0001103484391933307
2046,9.914389374898747e-05
2047,0.00010856177686946467
2048,0.00010865038348129019
2049,0.00010843553900485858
2050,0.00011258359882049263
2051,0.00010877296881517395
2052,0.00010692390060285106
2053,0.00010874419967876747
2054,0.000120647280709818
2055,0.00012522347969934344
2056,0.00010714637028286234
2057,0.00011279070895398036
2058,0.00011834719043690711
2059,0.0001134145786636509
2060,0.00010976452904287726
2061,0.0001117203792091459
2062,0.00010722679871832952
2063,0.00011576680117286742
2064,0.00011280651960987598
2065,0.00010355390986660495
2066,0.00010477452451596037
2067,0.00010414471762487665
2068,9.858033445198089e-05
2069,0.00011271091352682561
2070,0.00010612553160171956
2071,0.00010992670286213979
2072,0.00010994580952683464
2073,9.778329695109278e-05
2074,0.00011170171637786552
2075,0.00011310065019642934
2076,0.00010817550355568528
2077,9.8876902484335e-05
2078,0.00011119760165456682
2079,9.940934978658333e-05
2080,0.00011447105498518795
2081,0.0001168808012153022
2082,0.00011268333037151024
2083,0.0001131548997364007
2084,0.0001105154151446186
2085,0.00011254430137341842
2086,0.00010588221630314365
2087,0.00011529572657309473
2088,0.00011978390102740377
2089,0.0001103930699173361
2090,0.00010275004751747474
2091,0.00010777662100736052
2092,0.00010747311171144247
2093,0.0001018219263642095
2094,0.00010542310337768868
2095,0.00011165658361278474
2096,0.00010292406659573317
2097,0.0001073721214197576
2098,0.00010535967157920823
2099,0.00010838406160473824
2100,0.00010496821050764993
2101,0.00010687686881283298
2102,0.00011042060214094818
2103,0.00012044312461512163
2104,0.00011078242096118629
2105,0.00010956449114019051
2106,0.00011424870899645612
2107,9.558076999383047e-05
2108,9.929124644258991e-05
2109,0.0001095284751500003
2110,0.00010170852328883484
2111,0.00010039340850198641
2112,0.00010567194112809375
2113,0.00010731598013080657
2114,0.00011043704580515623
2115,0.00010290829231962562
2116,0.00010280062269885093
2117,0.00010422606283100322
2118,0.00010250462219119072
2119,0.00010748498607426882
2120,0.0001069460267899558
2121,0.0001035571622196585
2122,0.00010675010707927868
2123,0.00010065367678180337
2124,0.00011030916357412934
2125,9.082574251806363e-05
2126,0.00011350787826813757
2127,0.00010332935926271603
2128,9.253976895706728e-05
2129,0.00010951174044748768
2130,9.751244215294719e-05
2131,0.0001071011065505445
2132,0.00010233438661089167
2133,0.00011720779002644122
2134,0.00010752439266070724
2135,0.00011344932863721624
2136,0.00010832263069460168
2137,0.00010315662802895531
2138,0.00011381421791156754
2139,0.00010904016380663961
2140,0.00010114438919117674
2141,0.00010063160152640194
2142,0.00010386666690465063
2143,0.0001030754647217691
2144,0.0001043170559569262
2145,0.0001106804411392659
2146,9.921251330524683e-05
2147,0.00010300638678018004
2148,9.931387467077002e-05
2149,0.00010500007920200005
2150,0.0001023777003865689
2151,0.00010215352813247591
2152,0.00010759499127743766
2153,0.0001017793983919546
2154,9.403972944710404e-05
2155,9.067401697393507e-05
2156,9.977949957828969e-05
2157,0.00010277229739585891
2158,9.949473314918578e-05
2159,0.0001013900910038501
2160,9.928105282597244e-05
2161,0.00010641420522006229
2162,9.578800381859764e-05
2163,9.82277124421671e-05
2164,9.422405855730176e-05
2165,0.00010485808888915926
2166,0.00010975851182593033
2167,0.00010498143819859251
2168,9.910247172228992e-05
2169,0.0001076180997188203
2170,9.517978469375521e-05
2171,0.000101898614957463
2172,9.819464321481064e-05
2173,0.00010100058716489002
2174,0.00011278258898528293
2175,9.167723328573629e-05
2176,9.061177843250334e-05
2177,0.00010264181037200615
2178,0.00010006556112784892
2179,9.035171387949958e-05
2180,9.921450691763312e-05
2181,0.00010040747292805463
2182,0.00010223482240689918
2183,9.722345566842705e-05
2184,9.945240162778646e-05
2185,9.85514561762102e-05
2186,9.521149331703782e-05
2187,0.00010754058894235641
2188,0.0001009340412565507
2189,0.00010228868632111698
2190,0.0001073478561011143
2191,0.00010016376472776756
2192,9.312073234468699e-05
2193,9.600402700016275e-05
2194,0.0001010111955110915
2195,0.00010524711979087442
2196,9.920621232595295e-05
2197,0.00010231712803943083
2198,9.651430445956066e-05
2199,9.665379911893979e-05
2200,8.842317765811458e-05
2201,9.193536243401468e-05
2202,9.016117837745696e-05
2203,9.589573164703324e-05
2204,9.988452075049281e-05
2205,0.00010133998875971884
2206,0.00010221070988336578
2207,0.00010037675383500755
2208,9.36265496420674e-05
2209,9.358305396744981e-05
2210,9.825930465012789e-05
2211,9.528356167720631e-05
2212,0.0001056507826433517
2213,8.799770148470998e-05
2214,9.336096263723448e-05
2215,9.330020839115605e-05
2216,0.00010465661034686491
2217,9.562978812027723e-05
2218,0.00010398457379778847
2219,9.926059283316135e-05
2220,9.933617548085749e-05
2221,9.749920718604699e-05
2222,9.594365837983787e-05
2223,9.619904449209571e-05
2224,9.47207081480883e-05
2225,9.719491208670661e-05
2226,9.604091610526666e-05
2227,9.363509161630645e-05
2228,0.00010030138946603984
2229,0.00010319861030438915
2230,9.41929902182892e-05
2231,9.277958452003077e-05
2232,9.365590085508302e-05
2233,9.624014637665823e-05
2234,9.975650027627125e-05
2235,9.856846736511216e-05
2236,9.275229240301996e-05
2237,9.4393573817797e-05
2238,9.755633072927594e-05
2239,9.570818656357005e-05
2240,9.073570254258811e-05
2241,9.702021634439006e-05
2242,9.457339911023155e-05
2243,0.00010359282168792561
2244,0.00010306073818355799
2245,9.496413258602843e-05
2246,9.373644570587203e-05
2247,9.506674541626126e-05
2248,8.934447396313772e-05
2249,8.956594683695585e-05
2250,8.174275717465207e-05
2251,9.788305032998323e-05
2252,9.325223800260574e-05
2253,9.20813181437552e-05
2254,9.647857950767502e-05
2255,0.00010214342182734981
2256,9.756354847922921e-05
2257,9.996312292059883e-05
2258,9.249161666957662e-05
2259,0.00010424245556350797
2260,9.845616295933723e-05
2261,8.370566501980647e-05
2262,9.195615712087601e-05
2263,9.134320134762675e-05
2264,9.410237544216216e-05
2265,9.478843276156113e-05
2266,9.020030120154843e-05
2267,8.603997412137687e-05
2268,9.270744340028614e-05
2269,9.516176214674488e-05
2270,9.343281271867454e-05
2271,8.949659240897745e-05
2272,9.200495696859434e-05
2273,9.0287190687377e-05
2274,9.458660497330129e-05
2275,9.155209409072995e-05
2276,8.588068158132955e-05
2277,8.764457743382081e-05
2278,9.734732884680852e-05
2279,8.941970736486837e-05
2280,9.033177047967911e-05
2281,8.843252726364881e-05
2282,9.247530397260562e-05
2283,9.062841127160937e-05
2284,9.400845010532066e-05
2285,9.372972272103652e-05
2286,8.224418706959113e-05
2287,9.392348874825984e-05
2288,8.918211824493483e-05
2289,8.723616338102147e-05
2290,9.609717380953953e-05
2291,0.00011994116357527673
2292,8.789089770289138e-05
2293,9.396633686264977e-05
2294,8.733166760066524e-05
2295,9.379673429066315e-05
2296,8.561855065636337e-05
2297,9.049248183146119e-05
2298,8.992322545964271e-05
2299,9.605566447135061e-05
2300,9.319267701357603e-05
2301,9.197985491482541e-05
2302,8.44042660901323e-05
2303,8.795717440079898e-05
2304,8.773431909503415e-05
2305,9.50170069700107e-05
2306,8.991751383291557e-05
2307,8.66049958858639e-05
2308,8.719560719328001e-05
2309,9.33123956201598e-05
2310,9.099196904571727e-05
2311,9.279942605644464e-05
2312,9.831049101194367e-05
2313,8.624678594060242e-05
2314,9.441603469895199e-05
2315,9.478002175455913e-05
2316,9.713531471788883e-05
2317,9.027463238453493e-05
2318,8.53061064844951e-05
2319,8.422900282312185e-05
2320,7.834663847461343e-05
2321,9.323748236056417e-05
2322,9.290194429922849e-05
2323,9.107794176088646e-05
2324,8.780148345977068e-05
2325,8.933996286941692e-05
2326,9.204832895193249e-05
2327,8.386812260141596e-05
2328,8.248315862147138e-05
2329,8.78054415807128e-05
2330,8.372368756681681e-05
2331,8.775511378189549e-05
2332,8.817189518595114e-05
2333,8.770090789766982e-05
2334,8.163479651557282e-05
2335,8.605734910815954e-05
2336,9.48296656133607e-05
2337,8.072554192040116e-05
2338,8.278278983198106e-05
2339,9.619686898076907e-05
2340,9.181655332213268e-05
2341,9.406251047039405e-05
2342,9.132068225881085e-05
2343,8.313920989166945e-05
2344,9.550534014124423e-05
2345,8.510725456289947e-05
2346,8.492327469866723e-05
2347,8.239682938437909e-05
2348,8.251341205323115e-05
2349,8.107538451440632e-05
2350,8.582710142945871e-05
2351,8.862498361850157e-05
2352,8.638016879558563e-05
2353,7.464051304850727e-05
2354,9.148313984042034e-05
2355,8.686633373145014e-05
2356,8.140180580085143e-05
2357,7.809622184140608e-05
2358,8.973498916020617e-05
2359,8.11386271379888e-05
2360,8.416500349994749e-05
2361,9.317202056990936e-05
2362,8.622334280516952e-05
2363,8.764109952608123e-05
2364,9.029689681483433e-05
2365,8.778768096817657e-05
2366,8.87566784513183e-05
2367,8.703150524524972e-05
2368,9.056514682015404e-05
2369,9.015889372676611e-05
2370,9.464598406339064e-05
2371,8.720485493540764e-05
2372,7.864899816922843e-05
2373,8.824028191156685e-05
2374,8.251002145698294e-05
2375,8.997719851322472e-05
2376,8.620789594715461e-05
2377,8.022441033972427e-05
2378,8.684842032380402e-05
2379,8.422919927397743e-05
2380,8.425159467151389e-05
2381,9.174601291306317e-05
2382,8.49159259814769e-05
2383,8.549990889150649e-05
2384,7.669154729228467e-05
2385,8.288429671665654e-05
2386,8.488973981002346e-05
2387,7.86495438660495e-05
2388,7.865891529945657e-05
2389,8.821247320156544e-05
2390,7.643353455932811e-05
2391,7.720005669398233e-05
2392,8.344418893102556e-05
2393,9.009683708427474e-05
2394,8.480205724481493e-05
2395,8.710308611625805e-05
2396,8.15275197965093e-05
2397,8.753874863032252e-05
2398,8.273240382550284e-05
2399,7.754604303045198e-05
2400,8.452293695881963e-05
2401,8.164941391441971e-05
2402,8.24760427349247e-05
2403,8.728921238798648e-05
2404,8.117019024211913e-05
2405,7.451225974364206e-05
2406,8.143544982885942e-05
2407,8.275786967715248e-05
2408,8.105023152893409e-05
2409,8.356027683475986e-05
2410,8.773702575126663e-05
2411,8.325714588863775e-05
2412,8.314962906297296e-05
2413,8.002637332538143e-05
2414,8.627727220300585e-05
2415,8.027363219298422e-05
2416,8.326201350428164e-05
2417,7.826158980606124e-05
2418,7.51620318624191e-05
2419,8.514100045431405e-05
2420,7.834627467673272e-05
2421,8.675999561091885e-05
2422,8.769128908170387e-05
2423,8.284454816021025e-05
2424,8.268726378446445e-05
2425,8.105093002086505e-05
2426,7.642314449185506e-05
2427,8.289229299407452e-05
2428,8.522817370248958e-05
2429,7.75701118982397e-05
2430,8.209534280467778e-05
2431,8.231701940530911e-05
2432,8.562935545342043e-05
2433,8.225605415645987e-05
2434,7.370817911578342e-05
2435,8.009166776901111e-05
2436,8.697961311554536e-05
2437,8.544234879082069e-05
2438,7.644473953405395e-05
2439,7.721023575868458e-05
2440,7.64804717618972e-05
2441,7.871229172451422e-05
2442,8.50166761665605e-05
2443,8.10341298347339e-05
2444,8.424538827966899e-05
2445,8.252434054156765e-05
2446,8.503846038365737e-05
2447,7.864355575293303e-05
2448,7.983969408087432e-05
2449,9.070873056771234e-05
2450,7.835979340597987e-05
2451,8.14696541056037e-05
2452,7.628382445545867e-05
2453,8.540724957128987e-05
2454,8.175317634595558e-05
2455,7.451100827893242e-05
2456,8.034524944378063e-05
2457,7.766378985252231e-05
2458,8.300728950416669e-05
2459,7.904359517851844e-05
2460,8.286542288260534e-05
2461,7.615356298629194e-05
2462,8.45361064421013e-05
2463,7.808011287124828e-05
2464,8.164636528817937e-05
2465,8.593640814069659e-05
2466,8.481277473038062e-05
2467,8.39998247101903e-05
2468,8.02769063739106e-05
2469,7.481296051992103e-05
2470,7.719630229985341e-05
2471,7.938843918964267e-05
2472,8.123012230498716e-05
2473,7.618506788276136e-05
2474,7.898973854025826e-05
2475,8.050075848586857e-05
2476,7.916948379715905e-05
2477,8.026103023439646e-05
2478,7.682923751417547e-05
2479,7.28284940123558e-05
2480,8.445083949482068e-05
2481,7.705366442678496e-05
2482,7.420239853672683e-05
2483,7.847166853025556e-05
2484,7.923309021862224e-05
2485,7.854222349124029e-05
2486,7.510605064453557e-05
2487,7.713880040682852e-05
2488,7.410911348415539e-05
2489,7.774476398481056e-05
2490,8.398362115258351e-05
2491,7.989268488017842e-05
2492,8.298316970467567e-05
2493,7.142167305573821e-05
2494,7.9449346230831e-05
2495,7.573549373773858e-05
2496,7.318294956348836e-05
2497,7.576210919069126e-05
2498,8.102105493890122e-05
2499,6.94195186952129e-05
2500,7.507134432671592e-05
2501,7.886461389716715e-05
2502,7.562888640677556e-05
2503,7.37102673156187e-05
2504,7.523662497987971e-05
2505,7.749347423668951e-05
2506,7.478704355889931e-05
2507,8.198317664209753e-05
2508,7.662398274987936e-05
2509,7.759851723676547e-05
2510,7.061761425575241e-05
2511,7.121682574506849e-05
2512,7.519658538512886e-05
2513,7.002845813985914e-05
2514,8.366230758838356e-05
2515,7.084338722052053e-05
2516,7.524991815444082e-05
2517,7.363632175838575e-05
2518,7.956143963383511e-05
2519,7.724197348579764e-05
2520,7.446064410032704e-05
2521,7.584313425468281e-05
2522,8.083874126896262e-05
2523,7.800693128956482e-05
2524,7.759852451272309e-05
2525,7.542041566921398e-05
2526,7.681852002860978e-05
2527,7.785938214510679e-05
2528,8.561681170249358e-05
2529,7.237392128445208e-05
2530,7.483480294467881e-05
2531,6.999983452260494e-05
2532,7.716362597420812e-05
2533,7.44307617424056e-05
2534,7.446496601914987e-05
2535,7.766627823002636e-05
2536,7.58678579586558e-05
2537,7.974187610670924e-05
2538,7.814196578692645e-05
2539,7.96907625044696e-05
2540,7.551899034297094e-05
2541,7.397925946861506e-05
2542,7.573224866064265e-05
2543,7.388303492916748e-05
2544,7.705093594267964e-05
2545,7.06169885233976e-05
2546,7.729154458502308e-05
2547,7.49943355913274e-05
2548,7.209595059975982e-05
2549,7.698626723140478e-05
2550,7.883399666752666e-05
2551,7.166648720158264e-05
2552,7.578525401186198e-05
2553,7.537347846664488e-05
2554,7.147635915316641e-05
2555,7.767538045300171e-05
2556,7.539393845945597e-05
2557,7.264329178724438e-05
2558,7.008233660599217e-05
2559,7.127652497729287e-05
2560,7.215060759335756e-05
2561,7.486723916372284e-05
2562,7.47812882764265e-05
2563,7.568004366476089e-05
2564,7.474499579984695e-05
2565,6.596583989448845e-05
2566,7.401366747217253e-05
2567,7.777081918902695e-05
2568,7.216785888886079e-05
2569,7.705761527176946e-05
2570,7.538027421105653e-05
2571,6.883699097670615e-05
2572,6.863426096970215e-05
2573,6.845573807368055e-05
2574,7.023520447546616e-05
2575,6.699983350699767e-05
2576,6.794674845878035e-05
2577,6.916747952345759e-05
2578,7.373440166702494e-05
2579,7.282073056558147e-05
2580,7.29466846678406e-05
2581,7.512565207434818e-05
2582,7.127469143597409e-05
2583,8.143422746798024e-05
2584,6.734504859196022e-05
2585,7.491258293157443e-05
2586,7.454555452568457e-05
2587,7.087611447786912e-05
2588,7.345430640270934e-05
2589,7.09666419425048e-05
2590,7.291815563803539e-05
2591,6.88576910761185e-05
2592,7.046968676149845e-05
2593,6.809203478042036e-05
2594,7.117904169717804e-05
2595,6.889925862196833e-05
2596,7.698486297158524e-05
2597,7.723411545157433e-05
2598,6.949090311536565e-05
2599,6.930166273377836e-05
2600,7.290198118425906e-05
2601,7.35018402338028e-05
2602,7.005879888311028e-05
2603,7.055006426526234e-05
2604,7.233794167404994e-05
2605,6.606142414966598e-05
2606,7.069442654028535e-05
2607,7.388676749542356e-05
2608,6.914852565387264e-05
2609,7.205561269074678e-05
2610,6.779069371987134e-05
2611,6.37022458249703e-05
2612,7.232728239614516e-05
2613,6.985075742704794e-05
2614,7.235397060867399e-05
2615,6.841104914201424e-05
2616,6.523542833747342e-05
2617,6.713074253639206e-05
2618,7.325567275984213e-05
2619,6.94089540047571e-05
2620,6.93856127327308e-05
2621,7.859808101784438e-05
2622,6.817139365011826e-05
2623,7.478551560780033e-05
2624,6.77512725815177e-05
2625,7.202718552434817e-05
2626,7.157399522839114e-05
2627,6.226723053259775e-05
2628,7.561007078038529e-05
2629,7.093410386005417e-05
2630,6.922266038600355e-05
2631,6.975940050324425e-05
2632,6.724686681991443e-05
2633,7.26259095245041e-05
2634,7.073899905662984e-05
2635,6.453419337049127e-05
2636,6.789132748963311e-05
2637,7.147729775169864e-05
2638,6.56223128316924e-05
2639,7.010483386693522e-05
2640,6.677290366496891e-05
2641,7.163737609516829e-05
2642,6.217408372322097e-05
2643,7.102500239852816e-05
2644,7.185943104559556e-05
2645,7.367842772509903e-05
2646,6.90374436089769e-05
2647,6.760844553355128e-05
2648,7.058691699057817e-05
2649,6.649647548329085e-05
2650,6.773014320060611e-05
2651,7.13978151907213e-05
2652,6.624134402954951e-05
2653,6.684657273581252e-05
2654,6.763658166164532e-05
2655,6.876850966364145e-05
2656,7.119760994100943e-05
2657,7.102457311702892e-05
2658,6.718844815623015e-05
2659,6.329540337901562e-05
2660,6.527287769131362e-05
2661,6.730369932483882e-05
2662,6.944351480342448e-05
2663,7.436350279022008e-05
2664,6.501049210783094e-05
2665,6.510974344564602e-05
2666,6.405621388694271e-05
2667,6.868282071081921e-05
2668,6.261228554649279e-05
2669,6.936186400707811e-05
2670,6.519047019537538e-05
2671,7.338653085753322e-05
2672,7.128827564883977e-05
2673,7.561453094240278e-05
2674,6.427954940591007e-05
2675,6.953781849006191e-05
2676,7.119438669178635e-05
2677,6.728930748067796e-05
2678,6.717058568028733e-05
2679,6.282404501689598e-05
2680,7.247149187605828e-05
2681,6.611310527659953e-05
2682,6.822588329669088e-05
2683,6.674814358120784e-05
2684,6.363415013765916e-05
2685,6.557857705047354e-05
2686,7.808185910107568e-05
2687,6.354945071507245e-05
2688,7.061623909976333e-05
2689,6.824684533057734e-05
2690,6.716327334288508e-05
2691,6.810704508097842e-05
2692,6.603490328416228e-05
2693,6.769526953576133e-05
2694,6.395364471245557e-05
2695,6.786292942706496e-05
2696,7.161584653658792e-05
2697,7.001314224908128e-05
2698,6.996276351856068e-05
2699,6.549504905706272e-05
2700,6.299245433183387e-05
2701,6.324121204670519e-05
2702,6.32094161119312e-05
2703,6.570180994458497e-05
2704,6.583698268514127e-05
2705,7.016285962890834e-05
2706,7.017835741862655e-05
2707,6.576145096914843e-05
2708,6.525146454805508e-05
2709,6.47619817755185e-05
2710,5.6786004279274493e-05
2711,5.784887616755441e-05
2712,6.630742427660152e-05
2713,6.974318239372224e-05
2714,6.291951285675168e-05
2715,6.71071611577645e-05
2716,6.169739936012775e-05
2717,7.037818431854248e-05
2718,6.159379699965939e-05
2719,6.369579205056652e-05
2720,6.27892222837545e-05
2721,6.449683860410005e-05
2722,6.495068373624235e-05
2723,7.114434993127361e-05
2724,6.291089812293649e-05
2725,6.191788270371035e-05
2726,6.439076969400048e-05
2727,6.413763912860304e-05
2728,5.915148358326405e-05
2729,7.168301817728207e-05
2730,6.75856281304732e-05
2731,6.714624760206789e-05
2732,7.09450469003059e-05
2733,6.873289385112002e-05
2734,6.839838169980794e-05
2735,6.80448065395467e-05
2736,6.462766759796068e-05
2737,6.624458910664544e-05
2738,6.544304051203653e-05
2739,5.776051330030896e-05
2740,5.8728437579702586e-05
2741,5.875815622857772e-05
2742,6.368661706801504e-05
2743,6.422536534955725e-05
2744,6.883088644826785e-05
2745,6.833744555478916e-05
2746,5.937389869359322e-05
2747,6.2800660089124e-05
2748,6.18970807408914e-05
2749,6.056219353922643e-05
2750,6.421099533326924e-05
2751,6.256456981645897e-05
2752,6.258700886974111e-05
2753,6.679014768451452e-05
2754,6.016915358486585e-05
2755,6.280600791797042e-05
2756,6.267302524065599e-05
2757,5.950980630586855e-05
2758,6.300376844592392e-05
2759,6.0176746046636254e-05
2760,6.21806611889042e-05
2761,6.54418981866911e-05
2762,6.624230445595458e-05
2763,6.114245479693636e-05
2764,6.574398867087439e-05
2765,5.726241215597838e-05
2766,6.533650594064966e-05
2767,6.64524850435555e-05
2768,6.403387669706717e-05
2769,6.188493716763332e-05
2770,5.779796265414916e-05
2771,5.987825716147199e-05
2772,6.454788672272116e-05
2773,6.410640344256535e-05
2774,6.557397136930376e-05
2775,6.33313538855873e-05
2776,6.146487430669367e-05
2777,6.032529563526623e-05
2778,6.896478589624166e-05
2779,5.90786621614825e-05
2780,5.791259172838181e-05
2781,5.7597273553255945e-05
2782,5.885318751097657e-05
2783,6.982329796301201e-05
2784,6.346729787765071e-05
2785,5.654379492625594e-05
2786,5.969897756585851e-05
2787,6.526576908072457e-05
2788,6.356243829941377e-05
2789,6.083851621951908e-05
2790,5.755981692345813e-05
2791,6.448133353842422e-05
2792,6.116302392911166e-05
2793,6.217901682248339e-05
2794,6.025688708177768e-05
2795,6.0594582464545965e-05
2796,6.43718522042036e-05
2797,6.146899977466092e-05
2798,5.9070422139484435e-05
2799,6.765002763131633e-05
2800,6.303585541900247e-05
2801,6.24639869784005e-05
2802,6.222555384738371e-05
2803,5.9392416005721316e-05
2804,6.158628821140155e-05
2805,5.787960981251672e-05
2806,5.9852824051631615e-05
2807,6.143200153019279e-05
2808,5.641620737151243e-05
2809,5.906382284592837e-05
2810,5.621861419058405e-05
2811,5.8537039876682684e-05
2812,6.600034976145253e-05
2813,6.53465831419453e-05
2814,5.6871438573580235e-05
2815,6.087759538786486e-05
2816,5.784387030871585e-05
2817,5.890802640351467e-05
2818,6.357285019475967e-05
2819,5.833722752868198e-05
2820,5.747068644268438e-05
2821,6.514978304039687e-05
2822,6.146069790702313e-05
2823,5.8176403399556875e-05
2824,6.057430800865404e-05
2825,5.8588037063600495e-05
2826,6.496920104837045e-05
2827,5.91837233514525e-05
2828,6.338771345326677e-05
2829,6.232957821339369e-05
2830,5.95124984101858e-05
2831,6.0356822359608486e-05
2832,6.275897612795234e-05
2833,5.868318476132117e-05
2834,5.755794336437248e-05
2835,6.425516039598733e-05
2836,6.482016760855913e-05
2837,6.130926340119913e-05
2838,5.35255458089523e-05
2839,5.612130189547315e-05
2840,5.6400072935502976e-05
2841,6.318127270787954e-05
2842,6.0482016124296933e-05
2843,5.866375067853369e-05
2844,6.591798592125997e-05
2845,6.071902680560015e-05
2846,6.627823313465342e-05
2847,6.0757451137760654e-05
2848,5.390737351262942e-05
2849,5.6299290008610114e-05
2850,6.12131116213277e-05
2851,5.698762834072113e-05
2852,6.085148925194517e-05
2853,6.386105087585747e-05
2854,6.181950448080897e-05
2855,6.223490345291793e-05
2856,6.107184890424833e-05
2857,5.6748074712231755e-05
2858,6.147636304376647e-05
2859,5.711799531127326e-05
2860,5.8916622947435826e-05
2861,5.826769120176323e-05
2862,5.6927477999124676e-05
2863,5.966698154225014e-05
2864,5.538398545468226e-05
2865,5.66896160307806e-05
2866,5.637000504066236e-05
2867,6.062818647478707e-05
2868,5.949670230620541e-05
2869,5.721424531657249e-05
2870,5.906719889026135e-05
2871,5.8387795434100553e-05
2872,5.7515866501489654e-05
2873,5.843170220032334e-05
2874,5.752468132413924e-05
2875,5.393011451815255e-05
2876,5.810790025861934e-05
2877,6.120749458204955e-05
2878,6.029925134498626e-05
2879,6.429984932765365e-05
2880,5.379889262258075e-05
2881,5.3780426242155954e-05
2882,6.176245369715616e-05
2883,6.089122689445503e-05
2884,6.129556277301162e-05
2885,5.569974018726498e-05
2886,5.670900281984359e-05
2887,6.407970795407891e-05
2888,5.913486529607326e-05
2889,5.7494075008435175e-05
2890,5.645115743391216e-05
2891,6.032878445694223e-05
2892,5.8110617828788236e-05
2893,5.6504326494177803e-05
2894,5.77045684622135e-05
2895,5.787059853901155e-05
2896,4.955347685609013e-05
2897,5.96402860537637e-05
2898,5.565353421843611e-05
2899,5.823075844091363e-05
2900,5.41208682989236e-05
2901,5.7436482165940106e-05
2902,6.073387339711189e-05
2903,5.24762763234321e-05
2904,5.7752597058424726e-05
2905,5.5090895330067724e-05
2906,5.661827526637353e-05
2907,5.698508539353497e-05
2908,5.972684084554203e-05
2909,5.557490294449963e-05
2910,5.283769132802263e-05
2911,5.839809091412462e-05
2912,5.4926313168834895e-05
2913,5.9343317843740806e-05
2914,5.695472646038979e-05
2915,5.394457548391074e-05
2916,6.301540997810662e-05
2917,6.017931082169525e-05
2918,5.7656605349620804e-05
2919,5.5146560043795034e-05
2920,5.3309111535781994e-05
2921,5.501334453583695e-05
2922,5.8127741795033216e-05
2923,7.914667367003858e-05
2924,6.58693170407787e-05
2925,5.7533328799763694e-05
2926,5.227254587225616e-05
2927,5.728118776460178e-05
2928,6.153395952424034e-05
2929,5.6260611017933115e-05
2930,5.6166154536185786e-05
2931,5.640471135848202e-05
2932,5.348072591004893e-05
2933,5.436667925096117e-05
2934,5.903583951294422e-05
2935,5.39185966772493e-05
2936,5.502531348611228e-05
2937,5.3020488849142566e-05
2938,5.0621536502148956e-05
2939,5.407850039773621e-05
2940,5.5852542573120445e-05
2941,5.1789778808597475e-05
2942,5.727205643779598e-05
2943,5.277672971715219e-05
2944,5.758262341259979e-05
2945,5.6094704632414505e-05
2946,5.176035483600572e-05
2947,5.105453237774782e-05
2948,6.0534952353918925e-05
2949,5.6204546126537025e-05
2950,5.44868889846839e-05
2951,5.156339830136858e-05
2952,5.205382331041619e-05
2953,5.090455670142546e-05
2954,5.682261326001026e-05
2955,5.767395850853063e-05
2956,5.16870895808097e-05
2957,5.69932562939357e-05
2958,5.786937617813237e-05
2959,6.121867045294493e-05
2960,5.490372859640047e-05
2961,5.3064595704199746e-05
2962,5.802612577099353e-05
2963,5.515512020792812e-05
2964,5.3527055570157245e-05
2965,5.581716322922148e-05
2966,5.739506377722137e-05
2967,5.235858407104388e-05
2968,5.443059126264416e-05
2969,5.214798147790134e-05
2970,5.4622418247163296e-05
2971,5.36820080014877e-05
2972,5.534850060939789e-05
2973,5.722472633351572e-05
2974,4.8911304475041106e-05
2975,5.2744417189387605e-05
2976,5.4411815654020756e-05
2977,5.343872180674225e-05
2978,5.516193778021261e-05
2979,5.566390973399393e-05
2980,5.6300403230125085e-05
2981,5.570200301008299e-05
2982,5.731861892854795e-05
2983,5.3897096222499385e-05
2984,5.4474036005558446e-05
2985,5.6711163779255e-05
2986,5.5511398386443034e-05
2987,5.5524342315038666e-05
2988,5.5393160437233746e-05
2989,5.160780347068794e-05
2990,5.279100514599122e-05
2991,5.0824797654058784e-05
2992,5.176441482035443e-05
2993,5.267682354315184e-05
2994,5.2435207180678844e-05
2995,5.633112232317217e-05
2996,5.640832750941627e-05
2997,5.464091736939736e-05
2998,5.543701263377443e-05
2999,5.279423567117192e-05
3000,5.16120926477015e-05
